id;last_name;first_name;login;email;phone;jhi_password
1;Brakus;Trisha;Supervisor clear-thinking;Katelynn.Kuhic65@gmail.com;217.024.3173 x67876;Nevada
2;Botsford;Johann;withdrawal Ergonomic;Watson.Wolff@yahoo.com;(964) 735-6564 x81274;Alaska
3;Runte;Lula;Chips;Janet91@hotmail.com;(370) 993-4595 x99802;reinvent
4;Stark;Domenick;Bedfordshire;Kaylie_Huels69@yahoo.com;1-500-266-9312 x52837;Belize Dollar Sudanese Pound real-time
5;Greenholt;Elenora;schemas Synergistic Personal Loan Account;Johnny_Abshire@gmail.com;160.737.0883 x0350;North Dakota Garden
6;Kohler;Carlee;Specialist generating;Alexander3@hotmail.com;335-135-8722 x96408;sky blue
7;Jast;Kamron;deposit panel Strategist;Michael79@yahoo.com;244.702.0190;infomediaries Som Rustic Frozen Keyboard
8;Kiehn;Demarco;Benin;Christ.Okuneva63@hotmail.com;576.546.7402 x53171;leading-edge
9;Bosco;Alvis;Incredible Fresh Chips;Chanelle9@hotmail.com;484.314.4630 x6968;explicit
10;Armstrong;Lionel;Borders EXE payment;Levi_Bernier94@gmail.com;856-985-6356;Station
