id;name;website;email
1;system;Buckinghamshire;Justen_Buckridge76@gmail.com
2;Awesome;Sausages Haven;Laurel.Bechtelar@yahoo.com
3;Rubber Awesome Frozen Mouse;Trinidad and Tobago Dollar;Dereck.Conn76@gmail.com
4;Investment Account;Investment Account cross-platform;Toby_Stark96@gmail.com
5;Frozen matrix;mint green streamline Mobility;Kiley_Beahan13@hotmail.com
6;1080p indigo Bacon;gold;Mallory_Nader@gmail.com
7;structure Maryland;indexing models e-enable;Lindsay_Gusikowski@yahoo.com
8;Borders Grass-roots;disintermediate Mali Unbranded Concrete Soap;Beverly.Keeling62@yahoo.com
9;cross-media Wooden optical;Borders reboot;Pasquale75@yahoo.com
10;program;hack Electronics Oklahoma;Jeremy.Terry10@hotmail.com
